,1,2,3,4,5,6,7,8,9,10,11,12,13,14,15,16,17,18,19,20,21,22,23,24,25,26,27,28,29,30,31,32,33,34,35,36,37,38,39,40,41,42,43,44,45,46,47,48,49,50,51,52,53,54,55,56,57,58,59,60,61,62,63,64,65,66,67,68,69,70,71,72,73,74,75,76,77,78,79,80,81,82,83,84,85,86,87,88,89,90,91,92,93,94,95,96,97,98,99,100,101,102,103,104,105,106,107,108,109,110,111,112,113,114,115,116,117,118,119,120,121,122,123,124,125,126,127,128
0,0.6667659289407438,0.701979764458551,0.002753668807478815,0.2522776066209295,0.22935061271014753,0.5265852500175171,1.2661114113447176,-0.8838733939093892,-0.4828636040633759,0.03534303494654358,0.0069213582749103044,-0.08293393509531684,-0.8811890373620049,-0.6036333125102334,-0.2996767879236981,0.5613922501541566,-0.044074710501398856,-0.3585523215929164,-0.33166820850122863,-0.43882817169416993,-0.6198563338545273,-0.2933624454794957,-0.3976364388419514,-0.356055795647495,-0.8307279679024732,-0.25645162329478616,-0.8847820579874118,1.1548623448212578,0.6144656916599562,0.9006106773570085,0.5056075720731228,0.30684838221145183,0.7711559974193352,0.2509064767350577,0.21618476043499443,0.29966314570125036,0.8153475393133561,0.8732157085070947,0.6098030723359011,0.4906582824973101,-0.5927576679831805,0.4310110088925886,0.9494607311837507,0.010221855245471468,0.18391059552065508,0.5940524324533468,0.29694347602188514,0.6393579129349655,0.6294214479539757,-0.20187948204219766,-0.5100989621973875,0.9877371273791872,0.5915626724276071,0.4991207371906074,0.9018315342869291,0.3285108411356229,-0.6200753376413471,0.7781658773346499,1.1450431243307062,0.5395489838605385,0.7304590408500464,0.3083992588733972,0.9252049055536019,0.39538646183600573,0.884743105700139,0.5451346095263571,1.8508489673891222,0.9721955518833202,0.8005452345761491,1.1509600466738572,1.6985817550056836,0.4637571107724049,0.2240949766136782,0.35419277646316644,0.8543119317502389,1.3394192885238538,0.2980445359082237,0.5453013076397398,0.7195605959746905,0.8581926494283989,0.6479580280757813,1.1457101581159588,1.045998953171571,0.6317498606191887,0.9379483329989713,-1.7283738425883806,-1.040270684939786,-1.2223334288914205,-0.7543106260483674,-0.9596087430751805,-0.8358614646406224,-0.6969901247158278,-0.20688124509018035,-0.5603424180564086,-0.39069017311577303,-0.5195673338945653,-1.173333409880048,-0.9255998100566201,-1.0929041466079887,-0.7893849666545936,-0.3726099246719154,-0.33245642951178134,-0.4310891895286618,-0.4007493552391595,-1.0542116676915216,-0.7829570918077563,-0.949146854522547,-0.8194208919024618,-0.603436255831762,-0.7915601349853728,-0.18026448033802142,-0.042998279658287376,-0.9038100318949424,-0.6219737073737863,-0.5106381973775382,-0.4496214885997426,-0.8475475320010165,0.11736850275633008,-0.724990219585137,-0.654671773626315,-0.7642273328372942,-0.5169957634327483,-0.6258724785183741,-0.40889168555891847,-0.27618541857185885,0.05817927530909358,-0.2649963036660853,-1.0667838778963457
1,-0.15099114070803163,0.42166799447554326,-0.9259316239552148,-1.0942537862782082,-0.14588659588177455,-0.758389600173994,-1.653403319337321,0.08477847448101365,-0.054778979656757196,0.28301035300802385,-0.6290657271749402,-0.3691042053062304,-0.0967867189319449,-1.410315712603361,-0.05139184259829555,-0.8225162953195798,1.9160151737383582,2.3431071492372246,1.7784959354090206,0.9568368239492709,1.4917066001434487,1.3540446324478184,1.32048140514895,1.2587547063227138,1.1864576071185993,1.0697999833433973,0.9296036765730685,0.5224311946783072,0.5500210395623399,0.3806085024881239,-0.08669961817702643,-0.7317844396056666,0.33571951583926657,0.2075438738745453,0.11257547153100829,-0.1281400019099767,0.6632225334918846,0.008865000413842652,0.22181205852954106,-0.1604534963006375,0.5251012172009236,0.580210411694153,0.058974367253884136,0.8091393696012052,0.5489427696133206,-0.1354965159168229,-0.8336183785410292,-0.4020573293254954,1.2878011952644706,0.5388494851437421,0.9126128293762291,0.4994323670180848,0.370006159355564,0.8671522254097229,0.7385673707500998,0.3170029967145604,-0.0033048776384934095,0.8838842418727955,0.12771423862952472,-0.16569400239246004,-0.18340563369866716,-0.14206560621934045,0.4523570947621059,-0.10081419387628132,0.5338596769203601,-0.3436039035874086,0.337045449407715,0.1394100116598563,-0.7206704574710892,0.6152355823391131,0.2703360258568813,0.08081726307529405,0.33592899377246266,-0.44250855132409433,0.022066066291953765,1.1326069205439795,0.3940636640898452,0.189733783368842,0.24858016882856482,0.27881221015977264,0.3516163783174782,0.523639719882649,0.5927646150390359,0.29399224636481613,0.514460673756304,-0.0009454817196230975,0.6948975188066862,0.25140060506317724,0.8603555106914019,0.8828976756551897,0.24289421145429718,0.47065165744572185,0.7357928116376761,1.4992905706562216,-1.3451680641268566,-0.8933371976871765,-1.2728055908912657,-1.5300207409400883,-1.7481094324754929,-0.7461169241307379,-0.9710325110827183,-1.0057707020335689,-1.15140743257537,-1.5721269081091416,-0.8580459879907689,-1.477131040322731,-1.0417760394354187,-0.5785953747395729,-1.154911584442911,-0.7953627464099116,-0.24476939663456823,-0.4929073350116059,-0.3318247085271728,-0.8546701601903235,-1.2465242152849156,-1.400906838552054,-0.6936447815647112,-1.5029661038434898,-0.3785897080725158,-1.2891821963069303,-1.2652619585385954,-0.8666632577085106,-0.4378662292937275,-0.7722725516079524,-0.4696812625801123,0.1401160072692832,-0.7462041989923834,-1.3717006586621852
2,0.6659731670870683,0.6747483528937301,1.4834608816825365,0.7766730573596242,0.7760575476941263,1.73217026822546,1.259648930394486,-0.14109687797234716,0.9820170323243156,0.4603562486121333,0.9962005684795935,-0.041579337026937266,-1.1352788695163796,0.11300054608661157,0.8680017371041113,-0.5279481565334804,0.20929033149146054,0.15507271285043595,0.06709197255616789,-0.47665604313400883,-0.2159287364765,-0.061891386203323774,-0.38221798231865906,0.2964015796017591,-0.31236876293320887,1.3683614688902046,0.830461159330121,1.232654164065249,1.0387539841474682,0.9787125368919344,0.8734488415139244,1.094663451661425,0.8762761494640355,0.7229508934787765,1.1048010315620125,0.9624324952077192,0.8600507666158995,0.8853516557903609,0.37772159529094484,1.2133434598109911,0.8763946238154545,0.5092065138302403,1.1729419094526798,0.6851841215819935,1.3123568838080533,1.0385436204901806,1.8045293530923072,0.8666587833363582,0.7000307558736302,0.5042891194545069,1.20815222667445,0.6108691219000802,1.1760343665793178,0.9005445868663959,1.1794046211749218,0.4556036587443992,1.0009262951239377,1.1666744254367563,0.6040837234614909,0.7241615229760315,0.9180130519585642,0.6901841826311399,0.15517764575050846,1.0733343118186802,1.2803833258610828,1.5469751081346583,1.0844836231414683,1.4245698268848461,-1.0091610962884623,-1.5247782723398233,-1.5902336383903763,-2.0091798329954527,-1.720518322774125,-1.2212134699132906,-1.0333913022379428,-1.4190120490208884,-1.132067881410817,-1.6170247769394692,-1.2173097617691913,-1.7193175594669072,-0.8478614523418537,-1.0628862960219694,-0.7226815951212158,-1.3534758084645966,-1.6035422737770049,-0.8232086486304676,-0.5314019190273765,-1.0258938759381262,-1.140780787220463,-1.1625483508182997,-0.1445598444401611,-1.2094841394157299,-0.711101048883251,-0.9009999088161263,-0.4245526422889217,-1.179311346332852,-0.6805738965465588,-1.3199091518187032,-0.6833997938569712,-1.125390267881331,-0.7596574506891624,-0.07197845630470237,-0.3482218665944103,-0.569587844218815,-0.49556632707619985,-0.4020403008603887,-0.7511400972855771,-0.23442428106739124,-0.2483024163918583,-0.15835125640351252,-0.37279044121017335,-0.7664064623467434,0.007235021820739394,-0.965963449765894,-0.21786774515692647,-0.040826593276081964,-0.17653831872365053,-1.2639161267356218,0.6222162636504304,-0.07044555115617969,0.4847461610295854,-0.18377621297725488,-0.2881268164038086,-0.17912460533282604,-0.39176052390298055,0.5708940465624656,0.18432600644653177,-0.3268953582111026
3,1.1904357924143514,0.5608775742683939,0.05239373573255762,1.0348335599958307,0.468594223804308,0.19749436285378144,-1.026114235885557,1.3425098879925013,0.27666635597250966,2.126031169645938,0.21602628705954838,-0.5295750746410909,0.3061287316144954,0.12644345134648693,1.9161638558822955,-0.6319680377040651,-0.17438475021010957,-0.2984143645897534,-0.430599603744883,-0.13013333819064632,-0.20191746453337953,0.5312092113585011,2.7617356893547766,2.9263775682226334,2.345342049060518,1.5962426219144954,1.9601998212309808,2.1522626494230446,1.3323358088460802,1.6814656956351974,1.8348518797845588,1.4583687959049174,1.277641689019512,0.8652882174146205,0.748961518512607,1.1969472419743499,1.3258417594760603,0.8330139839049443,0.5447503080045777,0.07138883624907873,0.4862052242905486,1.5583459869138505,0.42081081299877005,1.044879440768039,0.6495489034873039,0.600618867682134,0.06377965239700739,0.9890117951606623,-0.08822199439575547,-0.08004286655893944,0.43019436765457475,0.2943539870774037,-0.7644977472014235,0.1419117148076452,-0.47987295596448076,-1.106002998817532,-0.45044552716282454,-1.0034044116544723,-1.8249456754786129,-1.177971441071527,-2.21901646852805,-1.1803574003725887,-1.1234787929044023,-0.7630719546537522,-0.8227694714877913,-1.799383298317929,-1.095049412539921,-1.9322093703520649,-1.6427557172710425,-1.5956653214114294,-1.3993717052742556,-0.9174576519730616,-1.868031875413465,-1.7582355073913638,-0.5966689889551222,-1.388780062804214,-0.5487401147811072,-0.8177827444534377,-1.4942562717752983,-0.3957406099807029,-1.1484884280102012,-1.4061151692678524,-1.2049851071834001,-1.1459578935647945,-0.15735661432971393,-0.05963019791332435,-1.4155988621382558,0.06973125924850393,-0.8281872210511144,-0.19692347162213872,-1.3114948729774782,-0.23589282064840567,-0.5502161147272293,-0.17402499314542647,-0.39062543500627867,-0.3468032666465697,0.026414439851070507,-1.0399245640441523,0.09708359146076279,-0.21105245385676605,-0.32148458272752367,-0.6817260474398545,-0.1349543420661625,-1.7299948341872575,-0.24002985618970868,-0.6794144011058842,-0.8015080642688946,0.25312400810067903,0.2373881499633247,0.13708482817044723,-0.1069273424870314,0.9917790280861876,-0.6946094782357369,0.05484261247165469,0.38124699388529865,-0.01594760211007237,-0.24014529962469844,0.6538571297450816,-0.18001312989963786,-0.1870558425726622,0.9755870536763757,-0.25588104564185704,-0.5983121933248148,0.3763302838200933,0.030384666792876734,0.1022887092664026,0.26811236509004777,0.7875696298098768
4,-0.6027645137410181,-0.9376662505670286,-1.8266823262574314,0.4276524977306534,1.3515106921084157,-0.9416626650581376,0.506994158154072,1.2006053109549746,-0.10976900182748074,1.3431724967601577,-0.19917807349083408,-0.48254701389900045,0.3403949859754389,-1.5513616067652258,0.9668242741859041,-0.3592704598091917,-0.6899534812424903,0.3589111890384654,-0.5338165624468186,-0.10731274707333613,-0.6851264745753115,0.1780495458080337,-0.9522251611627148,-1.1427206803725691,-0.597898549821529,-0.7934328273096459,-0.35664597237853213,-0.5069026050662607,-0.9837283235959966,-1.3425806598882863,-1.0491356188681358,-0.020889467822039237,-1.1218723450422337,-1.4719346691069952,-0.9736547200184739,-1.0928251199223296,-0.5756138554115819,-0.9267763138531467,-2.4480080054856286,-1.5009043212959163,-0.8728182493772086,-0.5963711683674632,-1.7848235312652556,-2.1062901994586083,-1.5862810133593432,-1.6551500771052612,-1.1268930085251752,-1.4894081356412323,-0.9808439300711405,0.0671152694075875,-0.5791145126739775,-0.15528813546234332,-1.8189279284503532,-2.3956782968154227,-0.41787819068371324,-0.038742069670139864,-0.312337366462979,-0.6332078484969522,-0.42664355325035236,-0.1512286962565374,-0.6177283424181892,-1.4888355979396097,-1.0282182803761188,-0.18670791815000476,-1.2689775457843577,-0.6667868540322215,-1.0266564486327252,-0.9264675748442296,-0.28722834528868885,-0.329943686554418,0.5236391068867463,-0.00041655276163545527,-0.2897174246027128,0.8865107093898594,0.10548722261357757,-0.7688259360754796,0.39443126817815843,-0.15294129239423745,0.27444139465781625,0.9868297334127332,-0.46422072238041184,0.11936870049728583,0.8388818109440941,-0.03225323684413871,-0.18835125821297025,0.9755461210727244,0.9579313847225259,0.4262864915445625,0.432099582050138,0.616201630317195,1.4146967070324135,0.1976294559307266,1.0274547868008708,1.136850016966988,1.5827762463718478,1.3733622233867047,1.170334894876623,0.9301013161771673,1.5752546125812859,2.4419580185045113,1.804904372017587,1.8012288466309205,1.6057603765003032,1.5827835126693397,1.2624137517805196,1.602589345128738,1.693177304406608,1.3317806944775152,2.0143555436671243,2.0041473554846743,1.6685080672425976,1.717653334986289,1.5436555872285114,2.181617688937036,2.158462612280795,2.6037624042773073,2.5523204578999024,-1.3190705383388797,-0.5338483109679282,-0.6413445691787693,-1.6233218449030873,-0.7338473618502208,-0.40374296316938163,-0.2702075317170055,-0.5260043554264114,-0.8558537676004881,-1.534378975359132,-0.4062218523514823
5,0.4693981635992848,-0.012695404128814942,1.4543262691203396,2.1328318681820897,0.972334127994459,-0.08105207259835208,-0.02641608757361319,1.905556545086229,0.34912328273812765,0.9067773346671434,0.39020877568594803,0.7829343593573086,-0.47112637025627235,0.813656489925747,0.38512537750521103,1.1613680358826988,0.6377915902371223,0.3771265432240085,-0.5859201390162898,1.2370956634974004,0.6315775834938708,0.08924956045696063,0.6397634171030255,-0.5144026063682439,0.39223833304837963,0.08117906417004431,-0.5241798419494302,0.026715006551784954,-0.5614811161192085,0.04410553334830001,-1.1830036642975033,-0.6574378073708528,-0.5085678256115269,-0.9480398599485091,0.7880793024099139,-0.1691122501923585,-0.9362166851310767,0.1116181648607711,0.18846372749552975,-0.1869923210319026,-0.04866042922052038,-0.18571356539805525,1.0327833990612383,1.2550870497347308,0.6717233579651994,-0.05604902033641682,0.6453953751212258,0.8715190602791172,2.121565117111772,1.035156432406184,0.9992286416948701,0.8610391313323809,1.438540399321593,0.13429871256268375,0.24257658881157432,2.2647222789038546,2.855074181882366,1.6812161614890118,2.313511923299331,1.8802331491547437,1.865509257411149,2.621066011996738,2.426698174693483,2.786644842912348,2.0342939091856915,1.7681959975240464,-1.5872198044893875,-0.635202502407014,-0.9415835852396095,-0.5573565508498447,-0.6417717929516253,-2.231907186659104,-0.540210033025548,-0.13793826378421625,-2.3081780254844175,-1.1413316559970021,-1.1221017496355146,-1.5252347509461648,-0.5285779271398223,-1.847839379245166,-1.1136900195059982,-1.0124412807288325,-1.7870605186787858,-0.9339802146242239,-2.058736041207686,-0.8983213307278227,-0.9228329849783307,-0.5014036932405329,-0.21301841792775614,-0.38004220680269557,-1.9526635900455844,-0.5847309222217876,-0.14106461867234593,-1.536083176190255,0.22879078571309558,-1.0679169269580704,-0.5690348077969103,0.3627567138818459,-1.1863162442005555,-1.1265463951818773,-0.8579636770672565,-0.3346122258148446,-1.149584228484067,-0.03168138041099702,-0.2545171352547829,-0.6944471764071343,-0.5248493385028197,0.02976055566503461,-0.3453952016764967,-0.24320047540188341,-0.2666383885086674,0.3102169936842431,-0.8082552163446702,0.20790884494538026,-0.10187992864030407,0.006709266538681731,0.5484421641513689,0.889452801859264,-0.2859517112379154,1.4413755051929071,0.3786224956255656,-0.004166711108559421,0.04137535627267712,-0.6912116312928891,0.7711187495181966,0.6440432135882147,0.2952202195842033,1.3379257708615606
6,-0.2811428232324519,-1.6358574014193468,-1.756030184973945,-1.1873679386633982,0.256079286941268,-0.12708635965771703,0.5417856971972517,-0.11321269603506628,-0.4541783260285608,0.3647226787510079,-0.610270131789515,-1.4754021496167984,-1.3409057868859942,1.5147175695060249,-1.7436133344137212,-0.895903204148382,-0.4195289457129036,-0.5215307235407939,0.06096162897251602,1.267573383890972,1.4852427460548028,0.6411923364453233,1.1517005125306694,1.332008707278782,0.859727751683844,1.3771581314421946,1.3585050734690456,0.3661751049479147,0.44990464672982766,0.009482986077082216,0.18794127046067907,0.1903470478237324,0.42198747483620175,0.08072007972102885,0.43508672244246593,0.7067748071226359,0.13667328041842322,-0.16121221882983802,0.34650711013893887,0.3883625942770263,0.021677581114752514,0.005285530324724732,0.6771230744092464,0.48699460778294024,1.1669295261683423,1.1260421123595379,0.9587916512709532,0.6685874715441648,0.1804232134165725,-0.26931037071301644,0.7325226336024576,-0.049768979427743415,-0.5804059757559191,1.2270115939982276,0.677899419763513,0.9716404817416658,0.19210011786545642,0.7232782651283773,0.1799638602741222,-0.06670739440936935,1.034334973357403,0.5756412683170916,-0.1504239447066668,-0.06508231167644626,-0.319992402093145,0.11195562506820779,0.01626153196764827,0.9859364827319747,0.41542844532889656,0.08804075465965984,0.654995751111577,0.2348895809917619,0.2575972549402133,0.8533430287166587,0.776138331777363,0.08215090480538058,0.4474856885544546,0.4196555348064746,-0.2043952914564597,0.1906712839100698,0.4631030680810308,0.9820303184080749,0.5149583828439418,0.9562553534804137,0.245023773613157,0.635753529258534,0.5641742272970777,1.1768773838873843,0.6845461491817473,0.6003419275342491,-1.6932615285983792,-1.3930821392760904,-1.8528248718269265,-0.8470890308236525,-0.6157989790819589,-1.2042644978420238,-0.4584912957995416,-1.0877729975240702,-0.8677301721895335,-0.7962887369976517,-0.7641228923855135,-1.2417665111070515,-0.6331266301016552,-0.8962865760589688,-1.4470556678381423,-0.8399084457602941,-1.0587369215425364,-0.7379312772303322,-1.2652982162355093,-0.8645348741999228,-0.7238387181189669,-0.07171066453877757,-0.2677004013723402,-0.6006827585214937,-0.8672222504204999,-0.2719885325205689,-0.31845970418784125,-0.2076245723620381,-0.39146523207116435,-0.6276336306284525,-1.1965274078496821,-0.25338782880886385,-0.5143173263643281,-0.46893734170598356,-0.7999444138214098,0.09923202019670617,-0.5933916663272495,0.09049522945617981
7,1.0447007746160473,1.2687123394002637,0.448846508651884,1.0405916685965917,0.9632778945178682,1.4250096851492924,-0.24757482090953006,-0.5151209220398795,0.7349093657819307,-0.2658866345272052,-0.6551926490232561,0.7324590881148502,0.21977306343392186,0.27304035048419834,0.3064442181970327,3.7145263287308463,3.051305825103833,3.3481725498116184,2.9859519958470417,2.1184319862321277,2.2367053756128636,2.195079004292254,1.923461606041139,1.9889206263456654,2.5084149756171588,2.865229615840242,1.6633521765997248,0.7893494256691513,1.434954275415664,0.6876809252839513,1.0273275019829238,1.1283468669147942,0.897587021587631,1.2837561794756498,0.36069831839581507,0.3950373063029112,-0.040246811978560414,0.08350943607134845,1.0927051245683481,-0.1744384594725792,1.0220917702301848,1.0163772618716318,0.19240607436003132,0.6297473149037751,-0.18417833960785054,-0.3417298042052925,-0.09663360939635629,-2.100283394862734,-0.8286380228161707,0.5278477888843474,-0.1762641484217507,-0.5011371630317761,0.3918086845001993,-0.9288105682878453,-0.6034219236627381,-1.6665365522894011,0.08028409333128948,0.6157730978072511,-1.1133932010378815,-2.088013485469268,-0.934123377576612,-1.4280319667671706,-1.5696424836879828,-1.703515489960865,-1.17489799887347,-0.5252544266590542,-1.2301307411945581,-1.1993015993905485,-0.16704795066084582,-1.5341476035392847,-1.3643069329692101,-0.11286090965068211,-2.2379728760739317,-0.9074580112592427,-1.0792385361882169,-0.731586828817334,-1.4755740436786768,-1.3096655515582574,-1.4083473179919863,-0.17470153416630083,-0.7434261038605522,-1.3586937165440867,-0.5055513498613418,-0.635310805732746,-1.28055956793772,-2.375972788685152,-0.9521565522467103,-0.9643700330941153,-0.9129285839086599,-0.5588501185320135,-0.7495530393195989,-1.1273777892094432,-0.800915966589529,-0.47634568006681716,-0.3809623542516992,-0.12397634258523879,-1.3406208735479357,-0.12578776601457,0.1332851288225012,-1.1675024434936723,-0.06683812142456921,-0.05012344748339609,-0.07244737979321379,-0.5729436365378033,-0.6521265783976946,-0.29833931414894743,-0.6321960080366711,-0.42793890245402033,-0.03956892331517106,-1.3397925360070053,-1.335070213727189,0.0776145767888464,0.5604803967261607,-0.20307106287575216,-0.7805097972861653,-0.18921540501839695,-0.4104787992873213,-0.295258238656662,-0.5121434065780297,0.5121257476728512,0.5315799588574224,-0.2022240348872567,0.11624693696642636,-0.18461302758537726,1.2172453741858225,-1.1062171822063283,-0.388525384605993,0.20366389608400584
8,0.025255579349462803,1.78961779239594,-0.8307808576123767,-0.21654225106405656,0.1185218165349407,1.196425337702857,-0.438176713457253,1.0150246179908662,0.3786306743236188,-0.20692849555187828,-0.02656471190563193,1.1528435487040183,-0.35954383319766553,0.0013026592161475537,0.03303656676141563,0.3484876177188893,-1.1161407985129137,-0.3539987167005292,-0.5194231889865737,-0.052337593379933905,-0.4143766858780974,-0.528130188596198,0.28898813330048634,0.04386307545594804,-0.4905460995979928,-0.4930017113620605,-0.40729772213276955,-0.8080369648855027,-0.657145405696874,-0.7741150533333666,-0.8496358108258503,-0.8025217541310821,-1.166884388709341,-0.6398665703812804,-0.29797613046493554,-0.5035641947729436,-1.437536734448904,-1.0818302597538927,-1.3670956676988892,0.049195868991351255,-0.4386717909144397,-1.418824594734053,-0.3255573640240327,-1.231101498952,-0.5872922113103982,-1.352145829030542,-1.280160091920532,-0.8108613670986339,0.3487094011304522,0.2541929143679933,-0.20291910029752042,-0.019366625206479426,-0.761079235440163,-0.24368132124907002,0.3110119254604547,-1.0857998532822242,1.6291396192813092,-0.8161198707889483,1.4867077602889343,-0.08658348475521692,0.17766947578637046,0.4065650339523035,0.36087862400275383,0.861994633608627,-0.7405640690586315,0.24933772231359555,0.7532142206302276,-0.07716587190779825,0.9032375239368572,0.44822859220192063,-0.38097317707076145,1.5918996820756093,1.20775290098612,0.9487465985775361,1.1832951497889628,1.3444589916853775,0.9859210209611893,0.45509018358330483,1.490270115425959,1.1963049217159463,2.227192995774452,1.5522969014843366,1.1188940962663514,1.2340809784127342,1.3449611309315197,1.8685242767551873,2.1047451602327607,1.6008076914250158,1.200182649749833,2.3696157019397437,2.2629570010174347,1.6285041029648326,1.934117287471797,-0.35842069999305054,-0.48043310335899136,-1.2646782528718805,-0.5037745776350885,-0.7115553183169121,-1.0058823908629237,-1.0291061071509982,-0.9079849872091509,0.12660387046196145,-0.9248923307252228,-0.2876384388065919,-0.41734470353001457,-0.5386033796153967,0.2353868406392156,-0.6333791084988543,-0.5885946666289215,-0.891453026782484,-0.5854915354711591,-0.3245003007597485,-0.24257630837448715,0.01285633718482461,-0.35433959067396925,-0.3735638600140961,-0.7442650021356553,0.7571432987747561,-1.3928657802499935,0.04432859939937316,-0.6922856021767397,0.3047906209656168,0.10535286587568657,0.05968538025049878,-0.39043499843511376,-0.039503230961757715,-0.9574379750697338,0.16331011405463997
9,-0.6980267181695131,-0.023593341636284796,-0.24358728168179186,0.7788000574812582,-0.5055945738621617,-0.469259644016643,-0.5111662942502787,-1.3262225378203074,0.09499036201891713,-0.39646767131328164,-0.6215728604544591,0.714885687691807,-0.03870705586118981,0.49577533579672073,-0.11859976579237454,-0.465072325976866,-0.36718213174842546,0.1496640641312618,0.06268819526470838,-0.6758264334054743,1.49948506056368,1.0020736111247674,0.9615342591736121,0.9684334279160846,0.9075901226714229,1.1536015636581174,1.2941816364292307,0.38220511140162317,0.5916294119473161,0.569056062483295,0.6133574474822476,0.029509117188426935,0.1220407456206795,0.35333885618884486,0.5463486484384847,0.5362170527758983,0.8343672461412349,0.32562867742618257,-0.025306818408829153,1.5105433174646994,0.043181463686877065,0.1709134341910156,0.4917565939982674,0.8686258657434599,0.4053133315998449,0.9189358700814164,-0.06484786996309265,-0.21609196468534111,0.23625869088506482,0.7078340226222719,-0.6863599362552725,-1.1246919378837181,0.4306920259077151,-0.20132832621496335,1.4891536025553314,0.9733082501901299,0.27001567025127426,-0.02521435931231831,0.6902703144221165,0.23619706719760936,1.4932008708832984,0.4578627622922536,0.3560231945216143,0.8326215400312597,0.5695352595826739,0.11685868286399495,0.6036301922838714,0.38949259405924636,-0.22109420506544936,0.7571785580038377,0.6365406199643151,0.5748397215154932,-0.16455034421334272,-0.05875591382737292,0.3544977435192638,0.568381001428031,1.3667481603794684,1.236635564958533,-0.05073370186534234,0.10807284020538707,0.6540433371546008,0.7329840616190679,0.341909440857852,0.689882873484451,0.5717273766558876,1.1929960118941623,0.6454766150250438,0.6046799487899711,-1.3283269901828483,-1.4280812982285316,-1.1833767310257202,-1.490904200546784,-1.080638331310942,-1.138185078387243,-0.6957130083364973,-0.8901424487484371,-0.5510772464764777,-1.0840266638523213,-0.25401566560511135,-0.3622231072079507,-0.7805049151396548,-1.1051576556980338,-1.3416325065116532,-1.0383977784179736,-0.9077990625073823,-0.6481623823009837,-0.6305382551944472,-0.4316592103409561,-0.004154052946958064,-0.6425230318466941,-0.9622575196682017,-1.2584729720858898,-1.2581890146438992,-1.1099526166757476,-0.865588055455053,-0.6101151246286429,-0.2986631215972499,-0.7066149366912471,-0.11329293646121384,-0.82989028611724,-0.48291881060924036,-1.0498309658112723,-1.2439763691936565,-0.5253836459515521,-0.308807061244173,-0.43812812267919105,-0.7778696159625865,-0.7825903883389059
10,0.3095120622809511,-0.88614645334181,0.7066732806185305,-0.26142107906968803,-0.9932263035551552,1.3051565929419782,1.5738597167727468,0.07749158441114751,0.6409497641148123,-0.14218832332294415,0.42126214760461356,-0.6290070891574906,0.7381749846457073,0.987572970750237,1.3227221661891706,1.2552448931114992,-0.5951525399439178,0.40155800242448186,0.20545137202136826,0.1598997001421662,0.23060765532864488,-1.0895065745939436,0.14646218676259917,0.38685094861949415,-0.01999598916926139,-0.30006898350429617,-0.6557066791963693,-0.17658014318148368,-0.39786239605192086,-0.3691279095224925,-0.27889987677565975,-0.17856649655716691,-0.6371449259515808,-0.20143099402636247,-0.022092380533487683,-0.2283306044163411,-0.3183500970033328,-0.27074004129636353,-0.4327658815042451,-0.6301754286903855,-0.18222536447398097,0.01248431950183058,-0.28172699774997867,-0.5002736616541505,-0.29742223061841006,-0.3014620243023741,-1.1044519279944804,0.2505819974061203,0.7686460317470014,1.36213958275575,0.5527192034147906,0.07608077304263117,0.7702054975615052,1.317738965570284,1.3946076040303264,0.0005517623806227931,1.747621414541516,0.9444935208901845,0.8070078787495084,2.0533960552331196,0.5191426270000041,0.2879582431592722,1.1307746237597556,0.6702847429272532,1.2054926552365974,0.8824923576295516,2.5045927118164744,1.2121541339815431,0.6131413885209678,0.8951199392014628,0.8437411935411422,0.8906300638231724,1.7287695345989935,1.8476353708914062,0.7113644704446322,2.398068046908015,1.7014383126958932,2.096823486055702,2.683555471774775,-1.3675695955178977,-1.1257258047330887,-1.446206182075337,-2.107487459182052,-1.7213098941256941,-0.5893754041668079,-1.4291355195725988,0.10253550711809131,-1.7234302932375665,-0.8524952998405664,-1.4835314796164005,-0.10329925474132381,-1.2991104459255003,-0.9532072423001657,0.2725191286745214,-0.6993857014337048,-0.2830638073839041,-0.32734580925451684,0.2496500794257874,-0.5529420666705367,-0.42264440738656567,-0.5717726305509931,-0.39755515556430515,-0.7823309099406625,-0.7315812313121182,-0.9090081549493418,-1.1756834124101794,-0.736877343765145,-0.6729870624197403,-1.2650890219766955,-0.21529756965552047,-0.9339042704835915,-0.3492466913628627,-0.6298289543759121,-0.05001546045677099,0.33394527879418406,-1.2156289698643232,-0.3692715383643566,-0.9283708034900523,0.4876242235094186,0.29464246280279244,-0.974836190189892,0.23646773032979254,0.35814817442932806,-0.11154260283726108,0.41825235411670003,1.7761680210635509,0.3336688648630347,1.1152520679244968
11,0.5201092572144306,-0.28732378550648696,-0.43016025774839406,-0.4741072345547644,0.46526852520010453,0.6638686009633105,1.6531552884920429,0.9808426699191514,-0.15512204048919134,-1.1681168641825543,2.6338958695705124,-0.7904995076189417,0.42358571581425725,0.697244765284964,0.8815926315800591,0.8888003411026952,1.0341854322714346,0.327091785116622,-0.3651260320009168,0.2701819416306322,0.07835633231406976,0.2304405179848168,0.19433347762735922,-0.7730298206473183,-0.7751636019654365,-0.07738479070069389,-0.36925490784724135,-0.2778410437783769,-0.2502027558551956,-0.41501919804485854,-0.2093069299430174,-0.22666984756351505,-0.6489070394579696,0.2687350986956719,-1.3524374963642303,-1.1389304054761178,-0.7828616850400127,0.0035464442048944163,-0.43038827406600905,-1.4166840554654605,-0.2678970459376919,-1.3332040986726492,-0.7299652814036681,-0.8556128786276572,-0.6350889597242901,1.832113971657468,-0.16961342183744393,0.6281002165641486,0.2791915571296193,0.9975039694615586,-0.34167898468778496,0.8962521072759717,0.9075407090696884,-0.2576254184907685,-1.4092224637347854,0.6677135234144599,0.18342768796730588,1.0534472903632748,-0.12454079090530887,-0.13772300302817564,1.7425986804189555,1.0663664949700515,0.5893181521929821,1.995621709209647,0.48894510927591023,2.2727183213668893,0.8310878627953173,1.0218638577698962,3.309883809977686,2.22335086225243,2.64606573166068,2.624165192786511,1.9294009548476745,2.207953533159008,2.2262745000535697,-0.8859400203276878,-1.0503621809437282,-0.7411819770892508,-1.150992446106351,-1.5793350544779534,-1.1652434128439617,-0.5197337657298615,-0.15629097537360598,-1.738767616815224,-0.19540147925396578,-0.048908828663301616,-0.2977873490779575,-1.4298754964630596,-1.0975895346769138,0.296711283007886,-0.7580999285239814,-0.523969405522149,0.553207797942663,-0.8925817026205054,-0.6781098617750864,-0.6288349444843984,0.013105360104975119,-0.10787911066655537,-0.24253793787060282,-0.8353287451686455,-0.19985690552195015,-0.9504927321283735,-0.4147813167427994,-0.06445424096163031,-0.4774654210352886,-1.217621585510752,-0.30830338276807634,-0.23555380936942885,-0.6601299765309198,-0.26217897046595917,-0.42472982625612704,-0.8809813144366724,-0.4268679263123323,-0.5888463567822414,-0.4977888975945375,0.7983203374886635,0.8290631944757151,-0.29730520428916385,0.7400149115537313,0.5847357235825199,1.1771224882171196,-0.980705056381737,-0.35803146124490676,-0.5993157992945747,0.06620623516015638,0.5273645610891631,-0.5046728091003134,1.727625799064025
12,-2.132291229489825,-1.2179935555589658,-1.1771484494918916,-1.870721387791086,-2.026937298263051,-1.5647710222839561,-2.2774869438866245,-1.0500912351244631,-2.3386197136794644,-1.867624640584995,-1.1221749975173119,-2.5408712311978676,-1.4052489569332876,-1.641216850179507,-2.2540032250845146,-1.425271914500265,-0.8927241158377847,-0.6234813621360539,-0.6687791451245841,-1.2224299037810682,-0.9316080789605611,-1.2629227093824138,-1.1426320767342535,-1.7095032283083187,0.9398895785661442,-0.13900119205213643,-0.12615393286256213,0.8450328797652781,0.08120292284669062,-0.37998581355926997,0.33071560428246327,-0.518307093192776,-0.0821133159916425,-0.5757850580780313,-0.5322807572747044,-0.35594091531742056,-0.47428495352175265,0.35166889921467526,0.5757556111960582,-0.9294033783443014,-0.040784374697355116,0.33866806407977107,1.058827426099919,-0.8345716827440477,0.09285674640317192,-0.9088113887757765,-0.26907539183519436,0.1901371566881189,-0.28937898645001836,0.15779222163218562,-0.25601345529389646,-0.45506060182235036,0.4222731852720551,0.9526371759239283,-0.6725119404230536,-0.03339579997878911,-0.9567204187026686,0.4209200939950162,-0.33365131301009576,0.022334197453627566,-0.2719663109730459,1.0822749816346726,0.4082097992714541,-0.12607782844665402,-0.1725045844534059,0.22903155386749163,-0.8526621989073764,0.018898704425688573,-0.5664140794975628,0.4816098427990675,1.097971324942748,-0.14767606266457475,0.7568932829066246,-0.34946520485769444,-0.1654251650580645,-0.11071203356983426,-0.3020147951538152,0.18380002520018526,0.4091102914974628,0.605273906026393,0.3344891271238389,0.3442040988090611,-0.21162771886672382,-0.11637542844055325,0.35222318745523234,-0.49965642280028827,0.34269734389494577,0.8512859011818492,0.26004142407673353,-0.24143446273775343,0.25189317150969404,0.8442296008776538,0.3613162239614766,0.2608146573200819,0.9070212245141139,0.5752271772404307,1.1370057681944623,0.14392729545857047,0.3212306044917793,0.46431263199608447,0.38420799665477046,0.10125993904273474,0.4556411052971608,-0.35863235607971566,0.7874713340609114,0.5822787626026024,0.33194983787082505,0.49152177347962706,0.37020141381721366,0.623828233180207,1.3100098488558911,0.4153052541320567,0.8834738460586133,1.1379462529276148,1.5298539519233985,1.2166851965861594,1.1236611039732023,1.8748025895715688,1.4951398845008463,0.527185512248574,1.5117505711099117,1.8255699422110572,1.8526276291561627,1.8904854589899402,2.334008668439126,-1.8268981622765135,-2.1347438694485414,-2.148842909303287
13,1.6304415609695702,-0.5316317561196804,0.5912152374123222,-0.20496806297226486,-0.4194985509032646,0.4276948199615817,-0.1705077794761402,-0.45554406985396795,1.280913079421477,-0.6132296159683659,1.2072183638780556,1.244300489707709,1.13037862506081,0.6291717932660379,-0.02986609552054112,-0.9278460644366078,0.2058312892741685,0.17485496373079634,0.1111553637889774,0.10892138907134456,0.4284080511747639,0.25486534060507937,0.016382809299076834,-0.5692282124064296,-0.3554495600038424,0.4680709490848617,-0.2813673697467691,-0.49370518322915624,-0.9672594511863716,-1.577952631613438,-0.8703571396568842,-1.3998846257717634,-1.1020917870593476,-1.2450919806158423,-1.0662871279965973,-0.4139146649607327,-1.2194560945057078,-1.27564332654367,-0.6302635762303139,-0.09965158059134965,-0.723195658032026,-0.33345561878553753,-0.5283760638316604,-0.6403622797898629,-0.9018859953607169,0.19894932277484084,-0.48230510528944576,-1.12306683964978,0.16484795081251033,-2.497175920437941,-1.4134313753258485,-0.08817507247531754,-0.07834728509984042,0.7537940609016431,0.06637651943705015,0.22669948524746114,0.5657326514337107,-0.3830001888714383,0.17582131581491114,-0.2923337670405873,-0.33786629603103585,-1.1198172017139842,0.19031068738139134,-0.8316703311520377,0.7669107064507965,0.9599951552875536,0.39017876251157535,1.0194446816093448,1.0028931607830651,-0.5450824680718227,0.6957833284693148,0.9554515467942876,1.3860540370887688,1.1434207854451386,1.2236897030475544,1.4848002088026846,2.200766670394572,2.2743938095065777,1.3811476732124013,1.4029349377309221,1.4728085114474845,1.7846551351886188,1.2196129514945473,2.2956712553461642,1.8293665969250972,1.8011244274935962,2.3799543184278074,2.032616158173341,2.4194195586654597,-1.0841643872989561,-0.9105851584766473,0.054554086612365583,-1.1195348425074543,-0.7801525732747913,-0.6699311174245046,-0.7274388832549022,-0.39365262922977234,-0.7321324130391461,0.048790462808039115,-0.4156859553468602,-1.1423134500088592,-1.0361629283230727,-0.43395189762970393,-0.8153342981499643,-0.5618080524903383,-0.36464788411848886,-1.0454295300958367,-1.2108303140348622,-0.08873504754008796,-1.4449056377331122,-0.2349372268244866,-0.5777834127616512,-0.2615981386095119,-0.3176716162025468,-0.034334400011061986,-0.9020353901867442,-0.6599289526544512,0.3847018427632191,0.6099742734299067,0.3288455220242868,1.3856729095964229,0.3491012450833183,0.67089131694336,0.5986991306286213,0.9248653373382045,-1.0571603174049988,0.031786056828344685,0.23050559479380292
14,0.7633008386580608,1.0326636721534859,0.6616695846949598,-0.9677368614376565,-0.9936347307329866,0.3858911025226421,-0.04539762054785874,-0.2493625642809302,-0.6366418511436241,2.2071623509860405,-0.38561739617522584,-0.6734211750798215,0.48253044593748784,0.06373927334236767,0.2591421163594693,0.10068660308850386,0.028668961748495578,-0.47724238696899013,-0.605925162513087,-1.1328626501127974,-0.31843553163911853,-0.9593897847543705,-0.24095978871483886,-0.19856993128901476,-0.438445461861426,-0.8980631404061984,-0.8291057990323039,-0.3600618170856728,-0.4682984529630176,-0.5693474736491576,-1.8596030193559154,-1.1206217638406177,-1.8769362677617378,-1.0722648764755718,-1.2329665792734898,-1.5296401687095098,-0.5532353497256294,-1.1300920085416424,-0.4964705334729207,-1.1854834154169507,-1.796372088111748,-1.6698749149956416,-1.5455631857463081,-2.2651031768942635,-1.2644772286260326,-1.281834539848261,-2.1192777135076515,-1.6075019573152598,-2.2454553363384586,-1.3053649102053695,-0.8065251252827321,0.1228659204188993,-1.6173185516384558,-2.0829780094262302,-0.6621324081737556,-0.7608071554300655,-0.8129398536232952,-0.38787936351740687,-1.1991899320619754,-1.797956361344897,-1.0530697677493979,-1.0688525263840334,-0.6206049164642291,-0.38015007507425874,-0.41283083352636196,-0.12372921569816368,0.4921709884075062,-0.016734815518694116,-0.385540904542717,-0.26510243092477265,-0.8457511936408929,-0.16325789547137246,-0.11519718352418688,0.5102634251317912,0.5419194992180818,0.5390732957391777,-0.13367178585199377,0.8363543337903511,1.063536015062168,0.08649136113972608,0.5864188603935543,0.158849445639915,1.1986296439910284,0.9147981373036295,1.3393207629152377,-0.5179252293666222,0.28245679071089197,0.17245505695913846,-0.10422236313097133,0.21101188132699994,0.44846570909990413,1.081767201059827,1.261690598233517,0.3647707485838325,1.2987563354587843,1.0206948544472951,0.43983606841018286,1.4484923867667734,1.2861154806431043,1.8996449143141405,0.5958177160244259,1.732046553268928,0.842339937563599,1.871110292238631,2.055682900166659,1.741494460291313,1.1686030271485321,1.8282214326997073,0.9262692024504161,1.536002309069293,2.0027579945598037,1.8994543376064357,2.0883500485095587,2.490294613718501,2.615218787755293,2.805934478081568,3.1948826459418846,-1.4489157148524108,-0.7249542292112776,-0.32602867384887796,0.05021361634881481,-0.8641881567198287,-1.6009649436331472,-0.7905825123276591,-0.6855342084706872,0.3889157885888333,-0.36978835507883656,0.37184320842534935
15,-1.591385245027276,-0.2555727162884181,2.167019132361645,-0.5657528061970308,1.4802565428274428,-0.7749366321155403,-0.24573526073274923,0.2706459602345576,0.42740694889530007,-0.08635974544978506,-0.48762752416001287,0.4547176153091322,0.2989884700793458,-0.8042264016258829,0.38553484866352816,-0.23158134679306572,-0.3363645656350636,0.35496633069687517,-0.41066955833198215,-0.8511909123841717,-0.44043452623289053,-0.44499448033596606,-0.6405778185018476,-0.5714445173499101,-1.0180051707897366,-0.21997760305330363,-0.674551357752985,-0.43473221123224387,-0.3368645402850361,-1.367526255642704,1.2134901126694817,1.1435318136114514,1.472486496266371,1.330743976279398,2.3024877608302563,0.7903093934205526,1.0692820862042598,1.6851155725590223,1.2588525894972777,1.0077925121699105,1.076513368681455,0.5361792003728436,1.0145877851921348,0.8206273099402481,0.07070386209247298,0.8731714678527622,1.3912111582203053,0.8206329179241569,0.8750185683751875,0.7489587383100416,0.8030885951775615,1.6417439026169491,-1.1052654820090804,0.8020602477940616,0.886890963573408,1.3282844998555903,0.608346942401169,-0.16349180016719603,-0.706841901741752,-0.08239085879428841,0.7621383041959519,0.19192009406646152,-0.2028516992491656,-0.30904240507281666,0.2163733335044517,-0.11363147811406968,-1.0894705819281585,-0.684886167735216,0.09670391511663416,-0.5000794341280902,0.39457067871740537,0.07661249093674324,0.3623195186817785,0.2768608125406865,-0.41996340237251606,-0.0714046301788261,0.4161624821147081,-0.4328192818115715,-0.7094712273514638,0.3656506863904325,-0.4058194918807442,0.9543061202972222,-0.4379686313906972,0.9342013187959923,0.3804477191955556,-0.23876009493241268,-0.019035232026760947,-0.44395818046594737,-0.8465137167689272,0.15448035607471583,-0.2671285859513444,-0.3576942200958354,-0.8930806317252458,-0.35349910589765,-0.6534369475561151,-0.5300906987789159,-0.0719142163256409,-0.45867946218537714,0.2274455708275315,0.380011585352037,-0.12212283446331226,-0.11120676467476892,-0.17525658927003485,-0.0779779702765617,-0.7068442172738444,-0.7999713913233247,-0.5195233506276827,-0.7072106333874465,0.2951244579317759,-0.49131253624838034,-0.3113463138904999,-1.2263155916548971,-0.12538467869318354,-0.4088223263141678,-0.6098774915502813,-0.10064712466485284,-0.46308456411144305,0.032963739082687286,-1.2041273578182414,0.17277598234485442,-0.270834785689279,-0.7485249972914336,-0.4738823101361075,0.455295546324206,-1.4403070744461697,-1.2126221762063367,1.4903745032054359,-0.5728149683757946
16,0.1733515144072812,0.09513822112291681,-0.30882785507133076,1.1612882660791535,-1.007996551254244,0.35827326819371963,-0.008202174693913634,1.340346380974588,-0.9738236205917883,-1.4241397122732478,-0.7857405505419756,-0.33406029908976625,0.05220150907417061,0.37656515812857005,1.7400285350115055,0.3414031122713598,-0.5118279750102862,-0.4295259568156442,-0.394597062776116,-0.2760329933552788,-0.6304535176829535,-0.3668479469524303,-1.2489314243679845,-0.6300846714325229,-1.056944146322198,-0.8306694541266496,-0.640517672295914,-1.1922128108843852,-1.377520618759956,-1.326921343700087,-1.1643913068659015,-1.183123665901158,-1.5621353428879237,-1.6817286628475137,-1.1372611866811753,-1.9299324547924064,-1.441149349768951,-1.3008804552122937,-1.2337918981955864,-0.6155000377316313,-1.7407482199123532,-1.2105887254060124,-1.182104347668343,-1.4030816424324501,-1.1827363248571707,-1.0417971887437427,-1.0150261664840623,-1.1995877003610298,-1.3085207362157256,-1.8842839977191033,-0.9121024391017867,-1.7363701997945624,-1.2308636460335,-1.5244627944390505,-2.2930621916725786,-1.9617135695856172,-1.0643509329115375,-0.879302908198303,-0.29745786409069336,-0.33365327363592395,-0.48459326716787116,-0.41023158075845234,-1.058268603301797,-0.3827936344955791,-0.4536381093797392,-0.17615608951371478,-0.19889255621156188,-0.7205785804968835,0.2244360192616178,-0.028130208806151386,-0.2805339144005937,0.5752344052461503,0.30838989658153065,0.03295887934019081,0.24051927263328993,0.033882867369920355,1.0173893413921213,0.5721147058282052,0.2679515417337426,0.43944896718140786,1.204614688223281,0.8018796058431418,0.6654673519135758,0.47281605260909493,0.01915900089502068,0.8555828537570885,0.4333411959731403,0.6633097717501304,1.115075044803464,1.1373246696837374,0.6899203261356422,0.6834286313104578,1.0711370873486825,1.5303181669067696,1.3098305643913228,1.8134598177654393,1.5952981519852307,1.4585330678700124,1.0201966901490969,0.946536681562688,2.2448831445152466,1.5015150718873231,1.5481515104799026,1.3995831644154002,1.3839050496547027,1.110831843450276,2.3940241264641036,2.182244461639119,2.132922414439325,1.3404037523535235,2.761186094533855,1.9505562776586314,2.0520897539934313,2.2633362471877008,1.453465667649236,-0.49523310888010674,-0.25604959802015725,-1.0928895604187971,-0.08507100095107248,0.20644000832277024,0.44465402983986163,-0.6916374446054394,0.3344481898301439,-0.4662147293769777,-0.30054842176717245,-0.17756314689626437,0.3072519016732874,-0.606820261149813
17,-1.2104178825684835,0.45934669954569995,-0.48760689650272043,1.4398884368783955,0.6154228272520623,-1.2196497790271232,1.1450529502207536,-0.6320783651404741,0.04902204577792665,-0.00658220852485119,-0.3835386727671742,0.313565360629295,1.7430834139836402,-0.9116072581881557,-0.13318100865331933,0.15597936469305032,-0.5873764244013158,0.4232372511764503,-0.12783843958183902,-0.08046949500808302,-0.664473067608675,-0.1379135131610116,-0.5842773498240571,0.20908548887913062,-0.3411465740287661,-0.4268019365982313,-1.1478237093602328,-0.9192682400158902,-1.1398980849262859,-1.5945725241161504,-1.5709914399050642,-1.2093854339301413,-0.5191310971186278,-1.159316578910682,-1.0129048343032654,-0.6409849440687518,-1.2642941481364387,-2.450139308305602,-1.6002669110366923,-0.9202733344885784,-0.5348773719919141,-1.6722008414583045,-2.0707840714003884,-0.0023491618125297768,-1.5098642016681318,-0.8948006747767525,-0.455603502804792,-1.1990571755163364,-1.1310591934537988,-0.49581200674715586,-1.7342362817820114,-1.2701383854905859,-1.5221635748652955,-0.6409965028248652,0.09699046509383746,0.42445900305065304,-1.0778444832631515,-1.0750161883698846,-0.998755375041448,-0.08336326161763162,-1.0802971457595218,0.09118020953901512,-1.4150920544765162,-0.3980843346615952,-0.5919975010086475,-0.4067246131718551,0.5639138354770241,-0.2289840674610753,-0.2294683351672338,-0.6123147546132834,0.863638428739165,-0.7793828899111112,-0.4101660336533211,-0.07846339201058275,1.1507642333527193,0.5098711394728455,0.45577896608000484,0.7686827949792125,0.5148480297405814,0.9639748938035737,0.1684367404155615,1.00697044961601,0.6889491268869843,1.2438637788706408,0.654196455591356,1.0172312631690517,0.2475839739923896,0.17333916296646038,0.9227371231622192,1.0126097134635725,1.8797674315524877,1.9514730700674865,1.8365684682670436,0.9051450239020905,1.8219421085559027,1.0619035711834652,1.4455020793814464,1.1431033141151747,1.9485919818999327,0.9324404128386391,2.0348619168509217,2.3750222831602277,2.8486206362839086,1.3437679083329344,1.4382297442389091,1.9564592309600732,1.7935865726795122,2.2356149044390623,-0.9204216122539219,-0.0004367141979491815,-0.3852518632198358,0.08477063307149604,-0.2314280159193712,-0.8098376835285902,-1.117554549811486,0.40951990142465144,-1.3419707023879381,0.30725188299868444,0.027577592150076016,-1.7829931674154975,-0.5629473967285368,0.5974169653443379,-0.36671178646614083,1.0231836835248032,0.7180625502306697,-0.052719751319120815,0.13352902327960725,-0.9768369970553189
18,-1.1231537904358717,-0.6995441746007846,0.2966530920033185,-1.198560273046163,-0.07714938356203908,-1.031892242007179,-1.3285688068783188,-0.8235967091682335,-0.8507670074627977,-0.8651701276235848,-1.2946675714746685,-0.7332790717660572,-2.029367724112204,-1.6631800984218974,0.11525041529270624,-0.7436316188452028,-1.0752942611294185,-0.7849366645330573,-0.4603818661276881,-0.8358766096032538,-1.159903755140352,-1.0343598866828312,-0.6097031122453737,-0.6328809448952101,-0.8917444267289676,-0.39064649298165927,-1.0137366336189568,-1.4330087928052972,-1.4385271329992435,0.05898825583954669,-0.06300037608746865,-0.04072774911555904,0.13784820747607224,0.4202822367531852,-0.07585287928046243,0.10402786502088116,0.12982067329669658,-0.16153629329925673,0.12365417565639666,0.08697270257057238,0.09194754129099232,0.17100869998885992,0.4507626360211238,0.04082500482498183,0.5499664360796855,0.18023078156431732,0.4507103223219066,-0.1322123238020741,-0.1910285288433425,0.1582664024809881,0.02512990433486328,-0.1854212534091125,0.11497209734053171,-0.17295834268248272,-0.5486599464190698,0.4328079500456701,0.2565006193518391,-0.09440934858626938,0.2764595719038909,0.07521574360919726,-0.32106526550378034,-0.571043382342994,0.1910821462205095,-0.14151677833326318,-0.7389252418104773,0.8490433440735936,-0.14047637011615516,0.08553556499308006,0.5965724481726099,-0.019251417935766298,-0.2312246832588939,-0.5895516370561219,0.6633320377376765,0.08251301446003148,-0.1829628533458134,0.14695829097035187,0.5691103955775676,0.4682029338100391,-0.6277453118852658,0.1300135629309456,0.3721171691891781,0.37706359083818336,0.9933440581026878,0.29820814999355966,0.45787233083059364,0.3131564780643108,0.7728274658686352,0.46790348641911306,0.8595410320162578,0.6698962462004496,0.7503661106947678,0.5997628285624741,0.952981029418901,0.7844529579831597,0.7467538450844502,0.9762550595867333,1.1168705421796679,2.044873158407535,0.621711643188497,0.8456017448866022,0.8735129214176551,1.06529952486185,0.8879537228954477,0.2920692562476797,1.334297596074579,0.7759970160930907,1.0137190903585713,0.49403520940172596,1.0773532954676444,1.3151382179652635,1.3465477305979237,1.6027924128893107,1.4831398107280265,-1.1373781182259557,-0.20157290238541067,-0.9088999329517072,-1.0319181880251251,-0.7836856781521885,-0.5204558929619206,-0.6347936144362393,-1.0789665682461804,-0.5702641242618987,-0.6751201310671787,-1.3888460684547945,-1.7264826226189631,-0.6978797202428784,-0.2661669769778729,-1.2135927565908464
19,-0.20793947677304975,0.5014250092650127,1.2262385474370305,0.5058774902533427,1.9456255986951885,-0.7725572816802956,-0.200484853401937,-0.831056365431387,0.8788007985657886,-0.6809425853362371,0.8707539084908074,1.5187641656906241,1.2719907146661498,0.7396242401516567,0.4817397648114361,-0.524725697837748,-0.821144704559006,0.6353464947769046,3.344654792134778,3.2042250317632948,2.685929192378603,3.096592007463872,2.125276237147936,1.3862084372205778,1.8622409340320585,1.5486011724643844,1.6397977183601466,1.865526849922696,1.9357446673249543,0.9892172345965548,1.02937541003747,1.2028823996692475,1.0238632202555786,1.4500419674564644,-0.048097590109394524,0.5854514638888475,1.1306530861064057,0.6392796997005886,0.19645829438267592,1.0027225856689568,-0.1100280238555083,0.9456297696725054,0.19597286381061663,0.8148590830286004,1.6121805948495753,-0.09778585894172523,0.5329017632520914,0.7568896050844219,-1.816547445718599,-1.0664378511579682,-0.7699602202094502,0.5192853015179142,-0.9272536577274109,-0.6645788819646894,-1.927624204638773,-0.8392953700405827,-0.9218490934944521,-0.5361562935802437,-1.05895668229535,-1.9097185592229862,-1.7513935722762375,-1.6410229338997002,-1.2971096690484334,-0.725361028098789,-0.8120896320580164,-2.2494792346505808,-1.4513201394295836,-1.5548274793413717,-1.5951686604740742,-0.740281669860782,-1.48001219188933,-0.5794716123100752,-0.8609961264910911,-1.4041960005319987,-0.4301737937824594,-0.8859544955218737,-0.5677925145670802,-0.7813532867835783,-0.9724072664727745,-0.9805628719821968,-0.2898105660697592,-1.2177522582823754,-1.5322361196974537,-1.2370913164245017,-1.443532097840074,-0.10162233793387367,-1.8846789392511847,-1.2552074020963726,-1.3012837140990492,-0.3109987350153801,0.16318315873995584,-0.17030291741043171,-0.9869947295384316,-1.6904927802590062,-1.5721195701927504,-0.0451524064176439,-0.9544343121534319,-0.04766004755142852,-0.39275556811727563,-0.652130360268924,-0.6215338250858863,-0.5302877609177015,-0.05988945386193406,-0.09529075898593285,-1.111871021511862,-0.5339260277788894,-0.6214673890234077,0.46427652801245833,0.4593088261125278,0.23376261043815758,-0.005211353887821839,-0.7034987644176744,-0.06606178410314983,0.027662674810939605,0.12462347860877122,-0.7646679477600612,0.09596730268924575,0.46538003196421535,-0.23725242688153314,0.6291111251102114,-0.4168673698704668,0.8393152844677221,-0.1587892127589976,0.19471941942178772,-0.7649503953912209,-0.2807265839293607,1.5157956991807642,1.214605979606256
20,-1.1993407238282578,-1.2081916944688385,-0.4186481757435308,-0.6594341737585668,0.6157272792286028,-1.8448774950683182,-1.2035489771373695,-0.5535653750770901,-1.7221221496383659,0.1593488969791513,-1.1254484025503393,-0.03194359893117503,0.18411733703210256,0.5413544701721786,-0.6997266850619941,-1.018291073015144,0.8392924517511124,-0.8410389366930965,-0.2966678100899339,0.020628012682164815,-0.08358597812109597,-0.9714510633944914,-0.6174333613947349,-0.36128754571247096,-0.7381619750429076,-0.6332120996985616,-1.283257913267952,0.06263492928499306,-1.3095111486923985,-1.1678860778051072,-1.8777833129393804,-1.607585323300097,-1.3026843222989004,-1.1452954940479294,-2.007784081774644,-1.5646444394354508,-1.7386811432668072,-1.4628501011468757,-1.314800806703447,-1.7457915372335295,-2.386929692298876,-0.6678806302697007,-1.346999219304265,-0.9189858453620637,-1.5844917012709359,-1.7802261940888182,-1.281137905149214,-0.9529972452895726,0.07327582720281821,-2.2343906301475855,-2.1728368979605315,-2.4237750833411287,-1.2572496370800708,-1.7083582944857982,-1.8654906261380333,-1.021465301208428,-2.153287859359107,-2.699933980007965,-1.0086153040019923,-0.5588710483340817,-0.48356117641279517,-1.0303258736562706,-1.5297123674670445,-0.8905683361245309,-2.2297426467295316,-0.8958696908426537,-1.5311475446672655,-0.5011212823474339,-0.8927363745654329,-0.326307314284317,-0.09032392282689451,0.6795108035817559,-0.4272354899170823,0.4329441931428639,-0.3812016759373626,0.007486576769846592,0.22583379927130157,0.23419978130294974,0.589691496781704,0.7037800174964021,-0.35024807838837674,-0.22624228390670698,0.46218149107744266,0.6065891786363952,0.5606568172775342,0.5019501615372826,-0.2068385182163367,1.3241898819343987,0.6150365314220949,1.0839848057162143,0.8404661863642438,0.7294242193853335,1.0509278308911059,0.7118772500995221,0.9539981894242033,0.7313153725619438,0.3818572582293196,0.29005715516186964,1.3284826417894524,1.5119101313340457,1.2753272325177785,0.7716627744217064,0.6878499617086404,1.5362879995569307,1.3563573186615112,0.8120988949089679,1.2469052609936477,1.6556769939454594,2.31638616396717,1.8060090992805282,0.49266019868783434,1.880651106606259,1.9921657013297458,1.5395113803400837,1.1861423074932258,1.5900576784544769,1.3791502179537483,2.4359478651783353,3.6231687385142015,3.5312755285357125,2.8796307014547606,3.0564858558300645,3.208446409915666,3.7085894588045023,2.422965881496554,2.762382974717061,2.673254940850748,0.6493141060176947
21,0.5341394429925963,-0.15481857055502313,0.068737626962277,-0.6130515554175677,0.1835946569277319,-0.4788591829585083,0.962243463061517,-1.7831970691272225,1.7600153323552439,0.4620233195372983,0.4524271274422045,0.0757636107629504,0.9556807575338875,1.418668399473448,-0.5822644498318791,0.4430677611752468,0.017515318412591293,-0.4690580066321272,-0.5052562977126531,-0.7562546633213721,-0.5691434761021756,0.3215584471651628,-0.8396516492488743,-0.6872875243768017,-0.4870800513216992,-0.35335602357285373,-0.14656325035515305,-0.3737363795164473,-0.7867205691372932,-0.9826357749094341,-0.6182465330102471,-1.4379556561545157,-1.5610318978835735,-1.7881383345821331,-0.9025191247294766,-0.8716380414727125,-1.1299316058376587,-0.9630344316599547,-1.8169394090989526,-1.1784265919233292,-0.5740017966930596,-1.155073513784563,-1.2163013571171053,-1.3423310668161306,-1.0848352307203282,-1.2020788748204385,-1.4728452526141997,-1.0485744037380047,-1.6337697188017883,-0.9268805916663684,-1.1027448342091135,-1.9693592937428974,-0.25940521361666313,-1.0577530835999855,0.08083020540153499,-1.0532291958404647,-0.5151333621461632,-1.020737136671949,-2.036267472503871,-1.1674073989351574,-1.1293978047031856,0.08054381574350596,-0.39564287571252854,-0.5462028502282729,0.3457910646069362,0.9004314915229455,-0.5028445399044257,0.0665392563160126,-0.2774738808481081,0.08537722896490925,-0.24021745275121256,0.6571065425037227,0.16095368710545074,1.0737845914083055,0.9923410203976311,0.18695296734760303,1.305378670695696,0.8463533764016185,1.0839388864064876,2.121004522430567,1.7879935983012312,1.1149227623697464,-0.8716692778202213,0.12975389357291386,1.0537785545871454,0.7496924006179011,0.6228849291984424,0.5094508379755828,1.6185626045437589,1.3708658859239597,1.5587023604708075,1.2506160389406977,1.024617267887287,2.600018878945354,1.8190564043985102,1.2770394493450519,1.426081058900319,2.159835041409157,1.578988243469217,1.281420704220949,1.8968355071091725,1.118583005212829,1.60600432859118,2.04187331340603,1.8489823671402488,1.8658888633996753,1.4977463249385985,-0.6951056715244133,-0.9107654770145273,-1.4954180748587937,-0.3797823020279915,-0.09396589729524346,-1.3107692400829394,-0.6820005935752467,-0.47609029923903706,-0.2974211667322094,-0.4313916513782498,-0.017733692844135132,-0.4598775148715392,-0.513827358745071,-0.322303198829792,-1.420738037416909,-0.2756599246221115,0.21830682802817472,0.20645737774572287,0.05538605049441716,-0.230729209413364,-1.5173942026559102
22,-0.5083132710294807,-0.6804146564223934,-0.5044426704222048,-0.498360283306459,-1.435513274474746,-0.47048535008638737,0.6578015375278023,-0.40438133559857,-1.147655630076474,-0.5120159826672389,-0.9201861526983163,0.020394039217357537,-0.41512520561268584,-0.16168922549712947,-1.3603709481047832,-0.7816694213351001,-0.5020947121673619,-1.4033824524239802,-0.5676417398592336,-0.9909116175635055,-1.0749056916242754,-0.7677355810406473,-0.39037717805911676,-0.6677391298704868,-0.7453541248003539,-0.957056844199106,-0.9264799618849453,0.9611874877881406,0.6053774842862545,0.26616971556075497,-0.26057314352722144,0.37082546637675745,0.7478047257223451,0.011398697525855088,-0.21050530559637584,0.0752768317361535,-0.40902797324051615,-0.11555286174685915,0.8566326382803631,0.025034120292732744,-0.3101530814321618,-0.18148693187604845,-0.5915945706883452,0.43319696363692933,-0.07042603198474535,-0.467452633889321,0.18905806755939902,0.20616266611887687,0.5702443414689925,-0.6331933188155999,0.9226317087060012,1.0742171489790948,0.6693133231856362,0.3594353252000169,1.3278196763806414,0.7366617215538156,0.08957725445089217,-0.6512238921258099,0.6577308523000464,0.3423755511615082,0.15029848724167932,0.528146417499,0.2959628330309223,-0.12204591441564505,0.645518458588528,0.43742867885074554,0.5063668622631019,0.39255498209535417,0.34923831284914936,0.3714464370416731,-0.1728179116496274,0.42367906386786175,0.22068173386395606,0.48028457354623644,-0.14862463356741787,0.12861572140413616,0.44529188847582535,0.12084768388636805,0.4753154866458998,0.5727972962655413,0.3587692617552574,-0.3276428877954768,0.6679703755866622,0.5313348037206143,0.34499744176674435,1.0515225844196472,0.1807108101334629,0.8383756143468826,0.3367331535548424,0.010746780783039273,0.16704191014036623,1.1318816993279144,0.5545694038680383,0.7568362732121028,0.7802565351141548,0.9945001756433989,1.1600768134537411,1.063797767158927,1.266012093385951,1.1496471893057207,-0.049989951450943225,0.6628275062435554,0.8587389333175539,0.6769528623089902,0.8828026263200126,1.4742784361395014,0.6769835763248505,-0.9426395832505444,-0.501436429531069,-0.9736742479670389,-0.694497975186603,-1.0043388168693324,-1.315345140145064,-0.377027319576583,-1.1903763457395204,-1.1124091505654956,-0.7323214229638685,-0.12454841912000963,-0.7643594316610334,-1.317948124017098,-0.955680177878738,-0.9626605642258278,-0.2331884555946901,-1.1126143872187946,-1.1498569040737328,-1.2278733434925893,-0.4089432071470811,-0.36370036870339384
23,-1.6236054287409747,-2.0538004243280037,-1.806637399003162,-2.1297749419868794,-1.1136772474133463,0.08621256134951631,-0.3584709955144314,-1.0038027971374799,-1.5179927851181068,-1.3658051766754002,-1.4763509755601711,-1.6616183130784743,-2.317229275839228,-2.1504897185625986,-2.33376110280029,-0.6517258500982892,-1.6717967877748794,-2.0931890272323925,-1.2479004807868086,-1.330073744616568,-1.30399320286371,-1.4465712975448402,-0.8630350089033967,-1.0175842995195967,-1.4523724107601612,-1.38234136149817,-1.0872207506840117,-1.5245220554380765,0.7017047131336027,0.2999374016652532,0.29459739132488333,-0.5640638245542611,-0.41000623118843305,-0.15281844684250417,-0.8808072988427523,-0.28857867824295663,-0.30454343754282,-0.31114990525193087,0.30340545714714956,-0.4158626104918124,0.637830716996106,-0.9791006477535344,-0.22805958742120105,-0.5134192734742844,-1.094045046914703,-1.186136592579603,1.0248883266136333,0.45092606030733173,-0.7235397179883274,0.8685802279509806,-0.4296125110023443,-0.7920815114218668,0.0012017844404547187,0.27794860231547064,-0.11588586719032701,-1.2015056315325425,-1.064383073812268,-0.20788325547611186,0.052423010833332964,-0.18921833498592033,0.16057424159507647,-0.35812267674107945,0.02512328452361557,-0.3431567290275438,-0.5561912125598705,-0.5961876078162154,-0.940782436720101,0.8389675244463283,-0.6034941578894862,0.29040615753567545,-0.29485951565056334,0.06141289681808433,0.8320549064458804,0.18114805194084696,0.4571077122206775,-0.12995533771010118,-0.23024057470782405,0.0008751208288392122,0.2416528863511096,0.8711389858571471,1.0137282535432268,0.03957925552962623,-0.24284972121435963,0.09649317097241808,0.2803760353658239,0.19252729495854962,0.09373070490408503,0.2007517664897149,0.548903546456669,0.7586415071913172,-0.3090497653422968,0.6647082248260144,0.15443299494882815,0.7253316005042699,0.6308516421500722,1.3027284069228178,0.931497309882508,0.9433435788526877,0.9863311443614169,0.8997636182305313,0.8280468628932065,0.5117129320905353,0.6754595786263417,0.5301349018665823,0.4584701500805805,0.61498113742011,0.47294584873157114,1.0490214429867946,1.2162246481645727,1.3935954070171641,1.479638917913336,0.9756955399246079,0.864586043386176,0.68040735327024,1.4009089870993865,0.1377682176462659,0.43118967244232853,1.7468454263617663,1.7056428211854369,1.5345844271726325,1.329044638446471,1.2848999807695647,2.463474075397984,1.091797244577973,0.8112727552177111,1.488365614990894,2.2808189041053435,1.8267511395564566
24,-0.9408179971165958,-1.0056111011563835,0.4922143271124339,0.5978139158450658,-1.071121823366872,-0.2259359620489984,-0.9517077927929987,0.01369904176465282,0.5654985803411726,0.9800741220420637,-0.8746293496223473,0.1983057886812505,0.6692500056358266,-0.686268391854401,-0.7093966234151725,1.071018250112232,0.1377038970207054,-0.14960749303668008,0.21081364978817668,0.14198070980208524,-0.19823115103909278,0.02674911125231602,-0.41994402365458594,-0.37926077664233887,0.44027935840409604,-0.9845485955464249,-0.24774609297897104,-0.5910124536992846,-1.1171909912869822,1.1916186303603622,1.3079092128354521,0.9186771375374074,0.8576423317110329,1.3705286559694592,1.0292104760938316,0.9829345622306922,1.2923936216808225,0.911085516632245,0.6142727967890785,1.6218549525889137,1.211778168252599,1.0036650532769307,0.7010111400124532,0.9174641794126802,1.4194232167713046,1.2000781884953073,0.7742396964317471,0.9365470089043829,0.846115203721682,0.2430693656503399,0.020054931961661405,0.44748539287501243,1.5717816722603357,0.26523608137848487,0.15484552861868994,1.2877368390978692,-0.792960776606455,-0.5666407583769999,0.394061064635834,1.2047681587855066,0.04958809483383103,-0.23073230429555353,0.8791283860824443,-0.39768528763397654,0.649888918875019,-0.44492878876120356,0.15556142475605386,0.26383866883731494,0.22612273744264896,0.12348213881900533,0.9596665640102738,0.6071415089189611,0.23121869674718737,-1.4826685305790408,-0.2762019260754971,0.46275375776433797,-1.4748244369406378,-0.5115554315262245,-0.05537772224922037,-0.2771802623634222,0.1561551843661738,-0.1497215022597945,0.3352287523126907,-0.014098435219360392,0.21312335244822858,0.2190768198860883,0.009401429148538554,-0.08974431890480637,0.27958560268411303,-1.4710233247784452,0.0471934114134615,0.2921279795724571,-0.650422863456931,-0.6307323138702623,-0.35537179356040216,-0.9063004250775593,-0.8802775923496922,-0.19244426260269515,-0.8118858341346183,-0.07842932207987795,-0.7607210489450087,-1.0599269704981404,-0.5147240625543357,-0.002922023115228309,-0.3816672214344581,-0.647532700873669,-0.24957447741237454,-0.29005904377759933,0.06435228559769184,-0.4539207985458346,-0.8726414317527054,-1.1596728231881772,-0.47377654596064,-0.4719985187932444,-0.7330916861481568,-0.8979513454911258,-1.0123365750943043,-0.9749652700156174,0.6200905483324674,-0.16535394551959162,-0.1415688662605066,0.6709578478595093,-1.0722562011053236,-0.9573496984265446,0.6373165467862375,-1.299573196575316,-0.0540098563784935,-0.05768033775375981
25,1.1833832225482301,0.5710834528766717,0.4498300731511622,0.7984771767354122,1.5141077805795018,0.6381605989261192,1.118754378340453,1.7229529707037974,1.8077833311265352,0.325949653251897,0.5935224391122296,1.9347715915563073,0.03083178545864144,0.9582558959291715,0.1698497487146155,0.10231535134798193,0.3611785811139857,1.0536160213678518,0.19619085306580003,-0.7486155350017228,-0.04316382481713699,-0.7148518758145231,-0.8358430004754641,-0.015700594902407456,-0.6980642410520334,-1.1016244201899446,-0.5259981652648241,0.081119257928338,2.248576191028899,1.806469260184645,1.437341322036915,1.8233967525865693,0.7990478209475236,1.124947058813811,1.0006016454535245,1.6808428995594005,0.9314791230435059,1.5953721169530248,1.0423362772768183,2.0554676128948914,2.059324639549484,-0.31588862853598443,1.8405693851079403,1.0702311638733153,1.4380633018409783,1.497033662921908,0.7840159609696944,2.0616942837550414,0.012404480958683578,0.91197414117603,1.3301051309217324,-0.27544707330796536,0.12570005015952007,-0.07478601794617401,0.07744442044197151,0.960542364058189,0.2524829481359742,-0.29703699735363975,0.1904269171558082,0.4021372597153237,-1.0736485470630626,-0.5771752033136417,-0.000984734770233249,-1.1543806642799865,-1.0898144268231584,-0.7713701305708807,-0.0661288602232064,-1.4417551676479312,-0.5355121794569822,-0.7950486464493869,-1.1687986478754806,-1.0297457662833402,-0.5744890650332283,-1.418041294323507,-1.6830257449835404,-1.0869227957972594,-0.7639171296749717,-0.3637065731280872,0.1481875451521702,-0.9191458702390569,-1.7824233252248893,-0.9098060339235573,-0.4406988066904231,-0.8542503593545318,-1.5380100487679838,-0.7024083167906408,-1.6478476052227782,-1.252897862794927,-0.32929177059722553,-0.0597574572115233,-0.429055828673598,-0.322928387957811,-0.3220700191879141,0.3958438168117422,-0.16181835145904105,0.7700758447913587,-1.401386511725548,-0.43409900632813003,-0.46134908658745416,-0.8129939736243632,0.20295979652130824,-0.19566125855564614,-0.4321971767311166,-0.8141394914122623,0.10446743481436017,-0.2185060262802567,0.22741293563423623,-0.9784657066227798,-0.13828223346390262,0.04207633792384742,-0.5310703655026635,-1.048061756746718,-0.43720782628705074,-1.1418268055629266,-0.5753697402006328,-0.2887226633155918,0.33665894691751275,0.3425468396528887,-1.0737373292729209,-0.48222113142450984,-0.6904939425863902,0.034055702642416495,-0.5252989303061568,-0.3308361539507948,1.2350346317063645,-0.13388499416863214,0.7580807015460261,0.5331675578167958
26,1.1816990831746224,1.7940602170227484,-0.9512345004961793,0.15800192385479808,0.3435190713722027,-0.29010329564087006,-0.3632973583779164,1.23278316209877,1.0176603016975132,1.1980386502069633,0.9423886812506863,1.2312773102422294,0.5480239731460358,0.09466479681077287,0.3161662811973216,0.5192350448765437,1.9314962249063985,-0.39624090626500663,-0.36080893904903305,0.8368794110516874,0.10022748593348968,-0.6344954560249226,-0.3272632388496162,0.003066737455373101,0.2012430124702988,-0.33922181807942287,0.7379858015152728,-0.6608467545101072,-0.2721584189717714,0.3795089041464867,-0.2264794168018627,-0.8344722040903543,-0.49178204012189086,-0.42240706947647555,0.06689366765591918,-1.0790494612129182,0.37311382643996316,0.2250913960531345,0.11953239766109948,-0.8318997567037817,-0.39640300072813894,0.6186941343527553,-0.28634017319257316,0.440022797688303,-0.8336450058184827,0.6549837436658397,-0.659542613121771,-0.20844524132860853,1.2422983243732892,0.290205570037266,0.4775491451707936,1.0372054751870547,1.8857979266764338,1.1937616597332563,0.4493303148891461,0.39159841184446514,0.2949310971742568,2.453331784734466,1.8500084020814294,1.4192937411172233,1.3142162081352775,2.000764129292195,2.418090315473929,2.238456070409234,2.3718633330843564,0.732496444191316,1.1993086243534488,2.6260757382070152,2.106424335655849,2.7994406437552843,-0.8522538228558858,-1.4570890460052104,-0.32068688257617856,-1.3188827043023654,-1.8722878905447775,-1.1910153972976103,-0.5626791681449809,-0.9571049678616094,-1.076979306487306,-1.1376578717255312,-0.66979247169749,-1.7767466660419535,-1.6970524755555665,-0.9885128671941602,-0.46717603222021453,-1.2971329926313817,-0.9434450825781338,-1.0437350567930361,-0.3571877894550009,-0.007777898453483939,0.4990156111141332,-1.5979715379296244,-0.7278027305633333,-1.0208587197151562,-1.354772249484766,-0.09624571063089418,-0.3923533212329645,-0.7677047057274453,-0.0154395806868447,-0.48589032098422524,-0.6806151996761607,-0.9914312823250377,-0.39929326341698035,-0.08833842973509219,-0.6482619552879114,0.09198298575175361,-0.5383025343933068,-1.3241382101896118,0.029221878402983275,0.08269649974444088,0.22558875952257051,-0.6692951302450312,-1.017987322537799,0.1391140806213202,-0.437192342286493,0.3872688722992106,-0.18010054205132284,0.8455921443997246,0.38228773919618503,0.3117440643718609,-0.05391945451733033,0.9599966365818191,-0.12655235087856417,-0.22772500285120129,-0.20169402492225705,1.098412731297674,0.25463157743040243,0.06286168449416411
27,1.2030925972321447,-0.22901203517130267,0.99097678200958,1.1394023695854298,-0.09659310677310595,2.191190307152055,-0.16143551386606544,1.1649620961534974,-1.0331151360279487,0.6788712739869375,1.843899514490195,0.007737666901152333,1.9491343559918295,1.7362280947717552,0.39327969916167754,0.4598034269689334,-0.7398886432395503,-0.32499425932579196,-0.604175899629305,0.2924175458864333,0.2816180311957064,0.43590029482012366,-0.4745454624373078,-0.4877866243981908,-0.13403372934991814,-0.75881454932661,1.9622088291614095,1.7459154234822722,0.7008984761456578,1.7116554613883717,1.0028802726642863,1.2169776923585593,1.294060904410123,1.5537570227079716,0.5002581669256105,0.9199337351017005,1.4088599319092108,1.486802855985362,1.6197003364998837,0.7573009676983659,0.7441061703641912,2.441218737771508,1.4978503913988543,0.7845158760802039,0.8761553140962021,0.873806133178297,1.3018252108900275,0.4890167277691494,-0.5627878548325386,0.8918781761499078,1.9927292198304711,0.17687692621811935,1.2677212448142419,0.8852249730738326,-0.8403320167197583,-1.3042501758599474,-0.5046567915283862,0.7025394441710389,-0.15792897970947803,0.27323849465336186,0.5304640524308503,-0.5518236114506517,0.027321476863049147,-0.49211369824996104,-0.3158241381563707,-0.7158795591358116,-0.03257954027423582,-0.587463703938078,-0.23695511991528828,-1.4377716540465364,-1.0712743906955597,-0.5913779710297005,-1.673141407771494,-0.9988755856804594,-1.0287070423864026,-0.7014502892610098,-1.3483191817871323,-2.055758528931258,-0.700222620863735,-1.3770197406046467,-1.6866498459927939,-1.062509232346951,-0.7099905525383651,-0.659406121423544,-0.994398664815137,-0.21022461305819193,-0.4579194776299343,-0.5797044257269028,-1.383239450561605,-1.2697823257634457,-0.6323420105198359,-1.179125859850044,-1.5801233205239762,-0.15816870490606957,-1.373519801502392,-1.924983719299458,-0.9342607951611943,-0.48785619467339664,-0.964511619386101,-0.17518198777541524,-0.5250865413297519,0.3282255295552589,-0.7795378234045005,0.4625241614177084,-0.74347439402661,-0.5364765428918306,-0.7012656729870522,-0.273178356806638,-0.3082679378625168,-0.369764713898709,0.08006751126142404,-0.536973950361671,-0.5859690101374727,-0.015456024285987984,-0.22382589309449885,-0.3426376528282971,0.126443049557697,0.9085857560747426,-0.9214543176097938,0.5092000662433416,-0.2810183989906189,1.4136296498242922,0.5636599209322637,0.7564618042582714,-0.29201876101721924,1.0112728046550836,-0.2299142789734859,1.5369532669460146
28,1.041702616452959,1.9211256640655454,-0.3369499946398037,-0.2570407786109419,-1.3205456129847382,1.077837026969655,1.2561172484095446,-0.28801996539361663,0.7114714486762647,-1.5113729778142169,1.5934979140089636,1.08493767939832,-0.288347684347998,-0.19538591214938222,0.20177273026254586,-0.34208459560437343,0.5842202440304566,-0.06261095698113885,0.29082589768168327,-0.06582702154152086,-0.3427170911271622,0.6856922565692367,-0.247266855598608,0.5915580649599268,0.1349382137531287,0.21678056831271364,0.22634758200444594,-1.3667048089983098,-0.6319155079394585,-0.4822819880102859,0.46124985648961336,1.3982826204669203,1.4436452819988117,0.6326856095842084,2.0688484953169737,2.41560105031014,1.8197590337674905,1.2576422906156686,1.3259205332448942,1.2859161407591297,2.0039055035445528,1.355641297841827,0.4288943987195002,1.1505312630612747,1.085398106701708,0.6213822630173688,1.4964697024096567,1.3942502252606757,0.6980988516667052,0.20641572657704405,1.6403087114415529,1.8556644069898982,-0.08606271253216259,0.6882664236407773,0.9006602441521738,0.1466998675868566,0.5939702134458028,0.01288126196165409,-0.11402642195277526,-0.24791102220710032,0.2214315010772045,0.7038670036195341,-0.7512672223308159,-0.8676351359719144,-0.030898712143725915,-1.3967375980237489,0.21662468271844493,-0.9594134040490238,-0.2724857354806287,-0.17714644349988426,0.46441708867691045,-0.549136498719933,-0.049593381180070104,-0.19152993003067778,0.2629391861027592,-1.3250962830352213,-1.6177656675776855,-0.37629506160465587,-1.6288959997824735,-0.18566751364274933,-0.6030654817751301,-0.18773100623641462,0.31703807370402737,-0.9459625315035092,-1.5610490698675616,-0.7442263750657528,-1.2098172659912647,-1.0496766711698806,-1.3441329452313995,-1.5123805802542292,-0.3492932420691686,-0.5698742837281275,-0.21338681126126371,-0.9401988841035304,-0.7543751966891016,-0.42458319122541915,-0.885702098352876,-0.4965784613092855,-0.9951040236326735,-0.8490278880707922,-0.6817451419554915,-0.9776574972167906,-0.843938728427812,-0.5326798863804294,-0.39485066413462916,0.008755892504361207,-1.0750139761377135,-0.2034852618218505,-0.3693758112419508,1.44331804223019,-0.8771681855623686,-0.10986659174109085,0.33760695237250155,0.1748317194524069,0.48760199888657485,0.4725076236242257,-0.10844363084728555,-0.07773889706780622,0.3070231601083276,-0.48310501511066717,0.0855830802390459,-0.25485230255074953,0.0035178124128010468,-0.034375419688865594,-1.1292263588000715,0.39566814209015655,-0.2111766954819783,-0.0986436429546663
29,-0.33307136107698393,0.027426567325067153,0.9116597258419247,-0.045316481043848604,-1.0918734313608802,-1.1604511985074724,-0.7238292311955027,-1.2979764236553317,-0.4784088583275323,-0.4180508215655139,-0.5703972084420911,-1.0918160004593458,-0.5654123562268971,0.1983482279146727,-0.4268230976794316,-0.7738223192772735,-0.40956577347330664,-0.5149205221150357,-0.2970855202512645,-0.44343212643267077,-1.2516095259169293,-0.32827168783285293,-0.3155988021562451,-0.6769624641387639,-0.39485909297373656,-0.40934967161989655,-0.47425368407611085,-1.0688995654035562,0.41071560139229907,0.39466492048776997,0.04801351139911408,0.2513396085899107,0.5124812445102025,0.5764936946652872,0.47239150724005136,0.28377649454979725,-0.16543458334545694,0.33463010654816927,0.37781367790603904,0.4253863712482146,0.2164658666420399,0.02512445546051548,-0.06653723826728335,0.35132910110989146,0.7331965748437219,0.4930147791664216,0.7162722424126002,0.2700711895764067,0.7654405068332354,1.1227027917425116,0.04687153473940842,-0.05502777401082798,-0.12631115142206634,0.687852772060313,0.859853730599468,0.15819973796984774,0.6301589477150253,0.004053136371436027,0.449980508900604,1.3638454685833412,0.27149410868579343,0.7056979582684418,0.3116363004118141,0.07333258683112595,-0.261940330925849,-0.37637260332543193,0.2400714353196625,0.008634007536542134,-0.0598365464994295,0.6585310930676979,0.3547772965683111,0.6613636397835683,0.6470640333317794,0.45567201566218135,0.5033349377072758,1.472507835878803,0.10622636008693359,0.3933597990808589,0.23392457395115146,0.08034508732716733,0.5970200025431198,1.0257679570222702,1.6263211849817174,1.0470614775485538,0.9778490091874291,0.3017687981957092,1.0942810978702842,1.2187697206614672,0.6406896976421346,0.9515747753902095,0.41306153860613115,1.1786803975696305,0.2714517994872341,0.5141066795592947,0.9167504694683855,1.1601294472452743,1.9471592389099182,-0.6888401980346109,-1.1646363269938846,-0.6723232692847027,-0.9834008751362517,-1.0220140112407632,-0.9932629629037423,-1.0563299340645826,-0.6511321843724936,-0.7822677651335551,-0.5667915101907647,-0.6182753054086794,-1.726943415096591,-0.5243753472496515,-0.9383759724165622,-0.5894927399522883,-0.4235934195957907,-0.5531352271604447,-0.6298257360196748,0.24990592153896266,-0.3012188309819619,-0.7208360943051434,-0.11631021976816279,-0.6218753949205932,0.5397716022610147,-1.012343596229147,0.2604813959489164,-0.8535098434489083,-0.9397543232447839,-0.7120862652192315,-0.8539013861006476,-0.34132646490851054
